{
  "hash": "09862064",
  "configHash": "e016f583",
  "lockfileHash": "f8c1ab6b",
  "browserHash": "1c9b8e62",
  "optimized": {
    "@angular/common": {
      "src": "../../../../../node_modules/@angular/common/fesm2022/common.mjs",
      "file": "@angular_common.js",
      "fileHash": "3c5024c5",
      "needsInterop": false
    },
    "@angular/core": {
      "src": "../../../../../node_modules/@angular/core/fesm2022/core.mjs",
      "file": "@angular_core.js",
      "fileHash": "128b9388",
      "needsInterop": false
    },
    "@angular/forms": {
      "src": "../../../../../node_modules/@angular/forms/fesm2022/forms.mjs",
      "file": "@angular_forms.js",
      "fileHash": "a6f3de9f",
      "needsInterop": false
    },
    "@angular/platform-browser": {
      "src": "../../../../../node_modules/@angular/platform-browser/fesm2022/platform-browser.mjs",
      "file": "@angular_platform-browser.js",
      "fileHash": "8af27597",
      "needsInterop": false
    },
    "@angular/router": {
      "src": "../../../../../node_modules/@angular/router/fesm2022/router.mjs",
      "file": "@angular_router.js",
      "fileHash": "3f00290e",
      "needsInterop": false
    }
  },
  "chunks": {
    "chunk-LWKVQYRO": {
      "file": "chunk-LWKVQYRO.js"
    },
    "chunk-6LWT3CD6": {
      "file": "chunk-6LWT3CD6.js"
    },
    "chunk-DWZ2RJXY": {
      "file": "chunk-DWZ2RJXY.js"
    }
  }
}